"CO2","volcanic","solar"
277.45,0.00431373748496018,1365.55179592715
277.14,0.00431238599332017,1365.54419343126
277.16,0.00431193221388095,1365.53776232477
277.16,0.0107169284906112,1365.53240653768
277.16,0.00911434529961605,1365.52803
277.17,0.00602049626874456,1365.52452107378
277.17,0.00488686306426365,1365.52170584932
277.17,0.00450454192337073,1365.51939484899
277.18,0.00437640868233501,1365.51739859513
277.18,0.0043334275634595,1365.5155276101
277.18,0.00431899888128548,1365.51359241626
277.19,0.00431415362450342,1365.51140353598
277.2,0.00431252612933914,1365.5087714916
277.2,0.00431197941494698,1365.50550680549
277.2,0.00431179587427282,1365.50142
277.21,0.00431173400937362,1365.49639943719
277.22,0.00431171336821022,1365.49064483793
277.22,0.00431170638170574,1365.4844337628
277.23,0.00431170400435511,1365.47804377234
277.23,0.00431170294452914,1365.47175242715
277.23,0.00431170269272685,1365.46583728779
277.23,0.00431170269272685,1365.46057591482
277.24,0.00431170269272685,1365.45624586882
277.25,0.00431170269272685,1365.45312471036
277.25,0.00431170269272685,1365.45149
277.26,0.00431170269272685,1365.45156025745
277.26,0.00431170269272685,1365.45331783894
277.28,0.00431170269272685,1365.45668605983
277.28,0.00431170269272685,1365.4615882355
277.28,0.00431170269272685,1365.46794768129
277.28,0.013004406010598,1365.47568771258
277.29,0.0108295394379108,1365.48473164473
277.29,0.00663076742783135,1365.49500279311
277.29,0.00509227307646688,1365.50642447308
277.3,0.00457341132246663,1365.51892
277.3,0.00439951762990038,1365.53235305301
277.31,0.00434118695207437,1365.54634876631
277.31,0.00432160500880285,1365.56047263787
277.32,0.00431502910384322,1365.57429016567
277.32,0.00431282014450156,1365.58736684769
277.33,0.00431207807991802,1365.59926818189
277.33,0.00431182873389672,1365.60955966625
277.33,0.00431174515826133,1365.61780679873
277.34,0.0043117169600432,1365.62357507733
277.34,0.0043117076478379,1365.62643
277.34,0.00431170445893449,1365.62607829052
277.35,0.0043117032577216,1365.62279157583
277.35,0.0043117027513287,1365.61698270868
277.35,0.00431170269272685,1365.60906454181
277.36,0.00431170269272685,1365.59944992795
277.36,0.00431170269272685,1365.58855171987
277.36,0.00431170269272685,1365.57678277028
277.37,0.00431170269272685,1365.56455593195
277.37,0.00431170269272685,1365.55228405761
277.38,0.00431170269272685,1365.54038
277.38,0.00431170269272685,1365.52917206492
277.39,0.00431170269272685,1365.51865037037
277.39,0.0170305013509041,1365.50872048741
277.39,0.0138483278398819,1365.4992879871
277.4,0.00770486003880672,1365.49025844049
277.4,0.00545380016445689,1365.48153741865
277.4,0.00469462387657139,1365.47303049262
277.41,0.00444018941242788,1365.46464323346
277.41,0.00435484236448856,1365.45628121224
277.42,0.00432619124617366,1365.44785
277.42,0.00431656941816271,1365.4392727598
277.43,0.00431333761928621,1365.43054302269
277.43,0.0043122519998236,1365.42167191167
277.43,0.00431188717992173,1365.41267054979
277.44,0.00431176468288226,1365.40355006007
277.44,0.00431172349547128,1365.39432156555
277.44,0.00431170979656684,1365.38499618925
277.44,0.00431170502227449,1365.37558505421
277.45,0.00431170352941457,1365.36609928345
277.45,0.00431170277748178,1365.35655
277.46,0.00431170269272685,1365.34699252586
277.46,0.00431170269272685,1365.33765897889
277.46,0.00431170269272685,1365.32882567591
277.46,0.00431170269272685,1365.32076893374
277.47,0.00431170269272685,1365.31376506921
277.48,0.00431170269272685,1365.30809039915
277.48,0.00431170269272685,1365.30402124037
277.49,0.00431170269272685,1365.30183390971
277.49,0.00431170269272685,1365.30180472397
277.5,0.00431170269272685,1365.30421
277.51,0.00431170269272685,1365.30924977675
277.51,0.129728367614531,1365.31681898176
277.52,0.084576430556878,1365.3267362647
277.52,0.0333811912565376,1365.33882027524
277.53,0.0142225435801926,1365.35288966307
277.54,0.00765407869433637,1365.36876307785
277.54,0.00543590521226552,1365.38625916926
277.55,0.00468951389389341,1365.40519658697
277.56,0.00443863672268694,1365.42539398066
277.57,0.007099408510519,1365.44667
277.57,0.00638429114636895,1365.46880659714
277.58,0.00504885075234249,1365.49143893408
277.58,0.00455981509933297,1365.5141654753
277.6,0.00439489106138184,1365.53658468529
277.61,0.00433961645391495,1365.55829502851
277.62,0.00432107501698112,1365.57889496946
277.62,0.00971347602912753,1365.5979829726
277.63,0.00836067987650577,1365.61515750242
277.63,0.00575231965884593,1365.63001702339
277.64,0.00479659755453628,1365.64216
277.65,0.00447427808650772,1365.65125549471
277.64,0.00436625405451595,1365.65725496194
277.65,0.00433001870228725,1365.6601804541
277.66,0.00431785436236544,1365.66005402361
277.66,0.00431376869163019,1365.65689772288
277.66,0.00431239667746232,1365.65073360432
277.67,0.00431193579035211,1365.64158372034
277.68,0.00431178092199462,1365.62947012335
277.69,0.043898793617827,1365.61441486577
277.7,0.0296346695477668,1365.59644
277.71,0.0134829280135279,1365.57564318404
277.72,0.00743850637133538,1365.55242449818
277.72,0.00536620067843927,1365.5272596283
277.72,0.00466638128991886,1365.50062426027
277.73,0.00443089993165637,1365.47299407997
277.73,0.0217371559317331,1365.44484477327
277.74,0.0173608287896069,1365.41665202605
277.74,0.00895434926475104,1365.38889152418
277.75,0.0286583949797587,1365.36203895354
277.75,0.021919219770772,1365.33657
277.76,0.0105658901493909,1365.31290178914
277.76,0.00641664297426769,1365.29121720535
277.77,0.00501747847255908,1365.27164057271
277.77,0.00454852780756264,1365.25429621531
277.77,0.00439121845678421,1365.23930845725
277.77,0.00433840784057818,1365.22680162261
277.78,0.00432067247463218,1365.21690003547
277.79,0.00431471573599413,1365.20972801993
277.79,0.00431271483296393,1365.20540990008
277.79,0.00431204273778898,1365.20407
277.8,0.00431181701271165,1365.2057677394
277.81,0.0043117410078623,1365.21030292043
277.81,0.00431171577725506,1365.21741044086
277.82,0.00431170741063556,1365.22682519847
277.83,0.00431170430259297,1365.23828209103
277.83,0.00431170311684651,1365.25151601631
277.84,0.00431170269272685,1365.26626187207
277.85,0.014559940961549,1365.28225455609
277.86,0.0119958864037341,1365.29922896615
277.86,0.00704575573480851,1365.31692
277.87,0.0052319539788268,1365.33507273327
277.88,0.00462024370098264,1365.35347295294
277.88,0.00441523194615913,1365.37191662384
277.89,0.00434646264436529,1365.39019971079
277.9,0.00706844048293243,1365.40811817862
277.91,0.00637388786826875,1365.42546799217
277.92,0.00504535583835576,1365.44204511625
277.92,0.00455864125842104,1365.4576455157
277.93,0.00439449712247015,1365.47206515534
277.95,0.00433948418830524,1365.4851
277.96,0.00432103052148264,1365.49659360753
277.98,0.0043148357194867,1365.50657990782
277.98,0.00431275515816712,1365.51514042379
278,0.0043120561810893,1365.52235667838
278.01,0.0446058056029346,1365.52831019448
278.03,0.0300868984296398,1365.53308249503
278.04,0.0136467072423545,1365.53675510293
278.06,0.00749434358226097,1365.53940954112
278.07,0.0102346429689711,1365.5411273325
278.09,0.00830898091384905,1365.54199
278.11,0.00572682180532076,1365.54209694663
278.124,0.00478794059145822,1365.54161909579
278.138,0.00447140207597729,1365.54074525099
278.155,0.158748139137135,1365.53966421571
278.172,0.109758975240234,1365.53856479346
278.194,0.0422239234339023,1365.53763578773
278.211,0.0368589557037199,1365.53706600202
278.233,0.0212291586372185,1365.53704423983
278.257,0.0103255028836438,1365.53775930466
278.278,0.00635476050482065,1365.5394
278.298,0.00500006650095629,1365.54212090595
278.321,0.00454316144228458,1365.545939709
278.34,0.00438948068382686,1365.55083987225
278.363,0.00433783280471676,1365.55680485878
278.384,0.004320480553859,1365.56381813168
278.404,0.00431465137829045,1365.57186315405
278.415,0.00431269320087857,1365.58092338898
278.432,0.00431203537013591,1365.59098229955
278.455,0.00431181431853333,1365.60202334886
278.483,0.00431174056748029,1365.61403
278.508,0.00431171549794714,1365.62693994957
278.52,0.00431170723515994,1365.64050782819
278.543,0.00431170430259297,1365.65444250001
278.561,0.00431170311684651,1365.66845282917
278.58,0.00431170269272685,1365.68224767981
278.599,0.00431170269272685,1365.69553591606
278.635,0.0196281272156153,1365.70802640206
278.661,0.0141092764596275,1365.71942800196
278.681,0.0078600924846595,1365.72944957989
278.712,0.00552147823089728,1365.7378
278.735,0.00471969325045506,1365.74425017579
278.765,0.00444893001142528,1365.74881921824
278.789,0.00435782102614929,1365.7515882877
278.816,0.00432719730599167,1365.75263854454
278.845,0.00431690784576314,1365.75205114909
278.877,0.00431345122292707,1365.74990726172
278.901,0.00431228987686958,1365.74628804277
278.936,0.00431189990337841,1365.7412746526
278.957,0.00431176885018614,1365.73494825156
278.986,0.00431172493878414,1365.72739
279.021,0.0286512809427149,1365.71870117729
279.051,0.0225616484760182,1365.70906353886
279.088,0.0108050822796989,1365.69867895918
279.114,0.00649729910879535,1365.68774931268
279.137,0.00504448728080582,1365.67647647382
279.164,0.00455758380889199,1365.66506231706
279.187,0.00439425762321181,1365.65370871685
279.212,0.00433942842933719,1365.64261754763
279.237,0.00432101541318084,1365.63199068386
279.261,0.0072428995755864,1365.62203
279.282,0.00650823567454534,1365.61287462506
279.306,0.00509321447845594,1365.60441270631
279.334,0.0368078113497979,1365.59646964559
279.353,0.0248070785915119,1365.58887084475
279.379,0.011607645998065,1365.58144170561
279.404,0.00679665539978909,1365.57400763003
279.429,0.00514875636456153,1365.56639401984
279.452,0.00459308626555737,1365.55842627688
279.474,0.00440624513696755,1365.54992980299
279.497,0.00434346333052738,1365.54073
279.516,0.0267079175272002,1365.53069517249
279.533,0.0186348170383615,1365.51986523591
279.554,0.00949901454323542,1365.50832300846
279.578,0.00608023998932687,1365.49615130834
279.602,0.0170434524231817,1365.48343295372
279.625,0.0122750032252704,1365.47025076281
279.646,0.00719053759417092,1365.45668755379
279.667,0.00529286773007742,1365.44282614485
279.693,0.004642565640744,1365.42874935419
279.717,0.00442298476355297,1365.41454
279.739,0.071524503961173,1365.400268935
279.749,0.0855911186256578,1365.38595915005
279.77,0.0341878666707484,1365.37162167055
279.788,0.0143928774251637,1365.3572675219
279.806,0.00769302887749386,1365.3429077295
279.825,0.00544636863050875,1365.32855331873
279.835,0.00469267525361643,1365.314215315
279.846,0.00443965200836844,1365.2999047437
279.855,0.025907480754734,1365.28563263024
279.863,0.0175103387068908,1365.27141
279.877,0.00898466771426094,1365.25726209752
279.892,0.00590571394904923,1365.24327104389
279.911,0.00484889161471364,1365.22953317933
279.915,0.00449231303829014,1365.21614484405
279.928,0.00437239019202281,1365.2032023783
279.952,0.00433209072196991,1365.19080212227
279.974,0.00431855178917328,1365.17904041621
279.987,0.00431400352542301,1365.16801360033
279.994,0.00431247565476722,1365.15781801485
279.998,0.00431196244648534,1365.14855
280.007,0.004311790189746,1365.14033198491
280.012,0.00431173212457033,1365.13339075439
280.031,0.00431171249179217,1365.12797918214
280.039,0.00431170578264544,1365.12435014188
280.046,0.00431170376895238,1365.12275650732
280.059,0.00431170291862187,1365.12345115218
280.056,0.00431170269272685,1365.12668695016
280.07,0.00431170269272685,1365.13271677498
280.073,0.00431170269272685,1365.14179350036
280.076,0.00431170269272685,1365.15417
280.086,0.217321197743419,1365.16998211282
280.097,0.139679254007525,1365.18889753855
280.109,0.0521036783301959,1365.21046694211
280.123,0.020628125218286,1365.23424098843
280.122,0.0098118651146386,1365.25977034242
280.142,0.00616111188987957,1365.28660566902
280.15,0.00493315052768015,1365.31429763316
280.161,0.00452047974939235,1365.34239689975
280.172,0.00438183655907391,1365.37045413372
280.181,0.00433526170258764,1365.39802
280.187,0.00431961625851148,1365.42470998379
280.197,0.00431436099473055,1365.4503988514
280.207,0.00431259561468029,1365.47502618941
280.204,0.00431200245099244,1365.49853158441
280.216,0.00431180329309845,1365.52085462299
280.213,0.0983310175233243,1365.54193489173
280.222,0.0644537396289608,1365.56171197721
280.228,0.0260933534552294,1365.58012546603
280.23,0.0117378548838999,1365.59711494476
280.231,0.00681613186030505,1365.61262
280.235,0.00515406286442437,1365.62664199202
280.245,0.00459479496796846,1365.63942937585
280.242,0.00440681361960825,1365.65129238024
280.243,0.00434365390569098,1365.66254123392
280.237,0.00432243585156285,1365.67348616561
280.242,0.00431530827511018,1365.68443740406
280.235,0.00431291385832656,1365.69570517799
280.243,0.00431210956407952,1365.70759971613
280.233,0.00431183949677718,1365.72043124723
280.235,0.00431174864836403,1365.73451
280.236,0.00431171813991988,1365.74999254815
280.24,0.00431170792494501,1365.76642084519
280.225,0.00431170445893449,1365.78318318962
280.211,0.0274041588570303,1365.79966787991
280.206,0.0190834301423243,1365.81526321455
280.209,0.00966158236455866,1365.82935749203
280.211,0.00613567118279339,1365.84133901083
280.21,0.00492682644234134,1365.85059606944
280.207,0.0946336617961173,1365.85651696633
280.206,0.0671363806308404,1365.85849
280.208,0.0268795075517901,1365.8560786854
280.203,0.011954016878727,1365.84954740339
280.196,0.00688083225024918,1365.83933575129
280.197,0.00517468804785077,1365.82588332644
280.196,0.00460157480457119,1365.80962972617
280.193,0.0044090715106578,1365.7910145478
280.19,0.00434441006296175,1365.77047738867
280.192,0.00432268962002209,1365.74845784611
280.171,0.00431539342562071,1365.72539551744
280.169,0.00431294261249255,1365.70173
280.157,0.00431211926617356,1365.67786643026
280.156,0.00431184260250114,1365.65407210127
280.148,0.00431174965287564,1365.63057984522
280.14,0.00431171851000098,1365.60762249432
280.126,0.00431170800969775,1365.58543288077
280.125,0.00431170445893449,1365.56424383675
280.118,0.0043117032577216,1365.54428819447
280.11,0.0043117027513287,1365.52579878612
280.101,0.00431170269272685,1365.5090084439
280.087,0.00431170269272685,1365.49415
280.08,0.00431170269272685,1365.48137644357
280.088,0.00431170269272685,1365.47052139155
280.087,0.00431170269272685,1365.46133861782
280.08,0.00431170269272685,1365.45358189626
280.065,0.00431170269272685,1365.44700500075
280.057,0.00431170269272685,1365.44136170519
280.048,0.0547537398155156,1365.43640578345
280.035,0.0397797337107287,1365.43189100941
280.025,0.0170724530697055,1365.42757115697
280.007,0.00863511791293703,1365.4232
279.993,0.00576545869927118,1365.41859929545
279.975,0.00480007555864803,1365.41386273253
279.965,0.00447575116917064,1365.4091519835
279.949,0.00436680769414507,1365.40462872064
279.926,0.00433021312438191,1365.40045461621
279.919,0.00431792040613965,1365.39679134249
279.89,0.00431379092778961,1365.39380057173
279.875,0.00431240419564322,1365.39164397622
279.85,0.00431193844778124,1365.39048322822
279.833,0.0530621508304191,1365.39048
279.827,0.0377607485261404,1365.39176485462
279.813,0.0163454965727917,1365.39434391833
279.806,0.00839588829736938,1365.39819220818
279.788,0.00568589872517681,1365.40328474118
279.78,0.00477346232404454,1365.4095965344
279.761,0.00446682611670168,1365.41710260487
279.752,0.00436381191783689,1365.42577796962
279.734,0.00972783289772962,1365.4355976457
279.726,0.00836550239208619,1365.44653665015
279.717,0.00575393929711657,1365.45857
279.7,0.00479714113234139,1365.47163433606
279.668,0.00447446046683089,1365.48551279413
279.644,0.00436631540195022,1365.4999501338
279.614,0.00433003956196024,1365.51469111462
279.588,0.0102654992093384,1365.52948049619
279.559,0.0087733430897598,1365.54406303805
279.532,0.00589912649695514,1365.55818349979
279.496,0.00484601102537889,1365.57158664099
279.466,0.00449084523229883,1365.5840172212
279.441,0.00437181289661803,1365.59522
279.42,0.0384992988657097,1365.60497506115
279.4,0.0261746048795935,1365.61320378514
279.373,0.0122296151816575,1365.61986287663
279.351,0.0356411275734893,1365.62490904032
279.331,0.0235360125124795,1365.62829898086
279.307,0.0112506674602402,1365.62998940293
279.276,0.0066759572637533,1365.6299370112
279.249,0.00510890398317941,1365.62809851036
279.223,0.00457982572648393,1365.62443060507
279.22,0.0044018093000152,1365.61889
279.206,0.00434197566067489,1365.61149234934
279.194,0.00432187265669462,1365.60248910532
279.181,0.00431511923166784,1365.59219066966
279.167,0.0327071464276775,1365.58090744411
279.144,0.0224752805252183,1365.56894983039
279.137,0.0108900001455458,1365.55662823024
279.114,0.00655448331377586,1365.54425304539
279.108,0.00506806837092961,1365.53213467758
279.097,0.00456610458454625,1365.52058352854
279.086,0.00439719952306832,1365.50991
279.071,0.00434042753045381,1365.50035714148
279.055,0.00432135270431477,1365.49189859358
279.037,0.0089815529437986,1365.48444064471
279.017,0.00781184053488865,1365.47788958324
279.017,0.00555704018085301,1365.47215169758
279.006,0.00473086860200022,1365.46713327611
278.987,0.00445224029150211,1365.46274060723
278.98,0.0437615524248303,1365.45887997932
278.974,0.0276292117750292,1365.45545768078
278.96,0.0125171547678814,1365.45238
278.942,0.00711516150212123,1365.44954588475
278.938,0.0052569420009209,1365.44682492036
278.906,0.00462956046173451,1365.44407935151
278.884,0.00441851408404244,1365.44117142292
278.88,0.00434758701389803,1365.43796337929
278.864,0.00432375737149356,1365.43431746531
278.846,0.00431575186838815,1365.43009592569
278.833,0.00431306294459796,1365.42516100513
278.832,0.00431215954085841,1365.41937494833
278.835,0.00431185618149402,1365.4126
278.84,0.00431175432935812,1365.40473370952
278.836,0.00431171986946258,1365.395814845
278.839,0.00431170820418843,1365.38591747925
278.84,0.00431170445893449,1365.37511568508
278.829,0.0043117032577216,1365.36348353528
278.821,0.0283467110294325,1365.35109510265
278.814,0.0196863574019538,1365.33802446001
278.817,0.00987994586998798,1365.32434568016
278.804,0.00621011912413342,1365.31013283588
278.789,0.00495193356242805,1365.29546
278.775,0.00452704326029343,1365.28040962719
278.76,0.00438407255771441,1365.26509769965
278.754,0.0222444500873911,1365.24964858149
278.719,0.0157754937744204,1365.23418663678
278.703,0.00846333254558092,1365.21883622961
278.692,0.00572713080929949,1365.20372172407
278.67,0.00478904711726862,1365.18896748426
278.655,0.0323952779048475,1365.17469787425
278.641,0.0222273883339174,1365.16103725813
278.627,0.0107988166622072,1365.14811
278.608,0.0333859560455538,1365.13604252173
278.593,0.0222409789786518,1365.12496947638
278.572,0.0107858924777972,1365.1150275748
278.558,0.00651776877450802,1365.10635352781
278.544,0.00505557958336833,1365.09908404629
278.522,0.00456189278004501,1365.09335584105
278.498,0.00439578276461005,1365.08930562296
278.473,0.168150189262271,1365.08707010286
278.455,0.119628486379231,1365.08678599159
278.426,0.0458003393375932,1365.08859
278.396,0.0183682713940638,1365.09256384588
278.369,0.00903824419303639,1365.09856927481
278.351,0.00589953081853489,1365.10641303933
278.313,0.00484506688295196,1365.11590189197
278.287,0.00449086402201183,1365.12684258525
278.268,0.0043718850111182,1365.13904187171
278.251,0.0043319186436535,1365.15230650389
278.232,0.00431849358147192,1365.16644323431
278.226,0.00431398406528249,1365.1812588155
278.22,0.00431246915544592,1365.19656
278.19,0.00431196009204031,1365.21215107475
278.18,0.00431178903085794,1365.22782646437
278.151,0.00431173157215788,1365.24337812788
278.137,0.00431171237389896,1365.25859802432
278.119,0.00431170578264544,1365.27327811271
278.102,0.00431170376895238,1365.28721035209
278.083,0.0157401121342665,1365.30018670148
278.051,0.0116221994345316,1365.3119991199
278.026,0.00695934808473473,1365.3224395664
278.01,0.00521438139877092,1365.3313
277.985,0.0504612054984543,1365.33844802511
277.971,0.0314506398827279,1365.34405382771
277.949,0.0138556511748225,1365.34836323914
277.925,0.00757276104291689,1365.35162209075
277.897,0.00541126577824264,1365.3540762139
277.883,0.00468146039878737,1365.35597143993
277.865,0.0119391293654559,1365.35755360021
277.845,0.0099793675715407,1365.35906852608
277.816,0.00632744409379366,1365.36076204889
277.8,0.00499016858237758,1365.36288
277.777,0.0045391809794862,1365.36562930479
277.759,0.0346674263251337,1365.3690612648
277.738,0.0237063777093331,1365.37318827557
277.713,0.026415987629507,1365.37802273269
277.693,0.0163530646907204,1365.3835770317
277.674,0.00861303604776749,1365.38986356818
277.644,0.00577447822518547,1365.39689473769
277.629,0.00480469722759228,1365.40468293578
277.611,0.00447748613033124,1365.41324055803
277.59,0.00436741363125436,1365.42258
277.561,0.0043304193607113,1365.43268445572
277.533,0.00431799018359276,1365.44342031311
277.517,0.0043138145885499,1365.45462475857
277.496,0.00431241221216196,1365.4661349785
277.485,0.004311941146224,1365.47778815929
277.48,0.00431178264587036,1365.48942148734
277.464,0.00431172941808632,1365.50087214904
277.459,0.00431171164696347,1365.51197733078
277.449,0.00431170575397665,1365.52257421897
277.444,0.00431170376895238,1365.5325
277.427,0.00431170291862187,1365.54163082234
277.401,0.00641625195535043,1365.54999868276
277.378,0.00588970570972607,1365.55767454014
277.37,0.00487316091120701,1365.5647293533
277.353,0.00450068329423579,1365.57123408113
277.348,0.0043750642360188,1365.57725968246
277.331,0.0213523591113556,1365.58287711616
277.311,0.0170800748141081,1365.58815734108
277.299,0.00885458135162282,1365.59317131608
277.277,0.00584078225134751,1365.59799
277.264,0.00482437181960518,1365.60268301493
277.258,0.00448372564432958,1365.60731463583
277.239,0.00436945959074606,1365.61194780089
277.235,0.00433110000673115,1365.61664544828
277.217,0.00431821821816475,1365.62147051619
277.206,0.0329438222157343,1365.62648594281
277.192,0.0226263613010002,1365.63175466631
277.186,0.0109447077360546,1365.63733962489
277.172,0.00657313374358894,1365.64330375673
277.158,0.00507435829820712,1365.64971
277.141,0.00456822046438441,1365.65657281794
277.137,0.00439791086452035,1365.66371277391
277.122,0.00434066648077585,1365.67090195632
277.116,0.00432143288057436,1365.67791245358
277.11,0.0043149712373611,1365.68451635411
277.099,0.0165659407432401,1365.69048574631
277.084,0.0121501301634765,1365.69559271859
277.072,0.00715053838717704,1365.69960935935
277.063,0.00527956455212236,1365.70230775702
277.052,0.00463810890141883,1365.70346
277.048,0.00442148851592055,1365.70286154332
277.041,0.00434859849670594,1365.70040130855
277.033,0.00432409914424985,1365.69599158384
277.026,0.00431586732728897,1365.68954465739
277.024,0.00431310171048946,1365.68097281737
277.015,0.0474338014134601,1365.67018835197
277.01,0.0318957986331591,1365.65710354935
277.009,0.0143018356557176,1365.64163069769
277.004,0.00771770072632861,1365.62368208518
277.011,0.00546035723232779,1365.60317
277.012,0.00469805053144205,1365.58011203877
277.015,0.00444154284525356,1365.55494703191
277.016,0.0114924916616094,1365.52821911832
277.013,0.00967784255977753,1365.50047243685
277.014,0.00622069863951913,1365.4722511264
277.013,0.00495424547439691,1365.44409932583
277.013,0.00452713488795444,1365.41656117403
277.036,0.00438398978123046,1365.39018080988
277.045,0.00433597318711517,1365.36550237224
277.053,0.00431985351310428,1365.34307
277.056,0.209721336317246,1365.32332137161
277.055,0.145742434161429,1365.3062683238
277.063,0.055654450989631,1365.2918162329
277.057,0.021816301181408,1365.2798704752
277.057,0.305424108740808,1365.27033642704
277.074,0.22049201599339,1365.2631194647
277.07,0.0820859630932374,1365.25812496452
277.076,0.0307509221558523,1365.2552583028
277.092,0.0132120911243197,1365.25442485586
277.094,0.00730295623204516,1365.25553
277.095,0.00531665173323283,1365.2584473048
277.109,0.024089374185737,1365.26292311287
277.112,0.0168604876390352,1365.26867196009
277.112,0.00885352140379759,1365.27540838233
277.13,0.00585998245252646,1365.28284691546
277.136,0.00483383494210123,1365.29070209535
277.125,0.0044873189434046,1365.29868845787
277.122,0.00437072205848825,1365.30652053891
277.114,0.00433153152107334,1365.31391287433
277.131,0.00431836388612801,1365.32058
277.127,0.00431394044879007,1365.32631273919
277.124,0.00431245448402137,1365.3312070647
277.123,0.00431195502547711,1365.33543523673
277.131,0.00431178748838625,1365.33916951547
277.131,0.00431173126603638,1365.34258216113
277.132,0.00431171236015333,1365.3458454339
277.146,0.00431170578264544,1365.34913159398
277.139,0.00431170376895238,1365.35261290155
277.139,0.00431170291862187,1365.35646161683
277.14,0.00431170269272685,1365.36085
277.148,0.00431170269272685,1365.36591445845
277.146,0.00431170269272685,1365.37164798834
277.146,0.00431170269272685,1365.378007733
277.153,0.00431170269272685,1365.38495083577
277.15,0.00431170269272685,1365.39243444001
277.146,0.0158579319972283,1365.40041568904
277.155,0.01169756534424,1365.40885172621
277.161,0.00698664224632628,1365.41769969487
277.159,0.246954433948686,1365.42691673835
277.169,0.179419182385531,1365.43646
277.173,0.0673572184845537,1365.446252067
277.178,0.0256953059209393,1365.45607730195
277.181,0.0115050456595227,1365.46568551128
277.191,0.00672862928246181,1365.47482650143
277.194,0.00512362099749358,1365.48325007884
277.198,0.01990086397221,1365.49070604994
277.212,0.0142008912619475,1365.49694422117
277.226,0.00789086727395525,1365.50171439896
277.241,0.00553181589999505,1365.50476638976
277.262,0.0047231658295216,1365.50585
277.277,0.00445009650066655,1365.50478987353
277.292,0.00435821289521554,1365.50171000385
277.303,0.00432732873076081,1365.49680922187
277.323,0.0502323361846736,1365.49028635849
277.335,0.0360182343893442,1365.48234024464
277.347,0.0157243240757282,1365.47316971121
277.366,0.00818381986489288,1365.46297358912
277.381,0.0056144027535333,1365.45195070929
277.403,0.00474942033108091,1365.44029990261
277.425,0.0248413739531868,1365.42822
277.43,0.0173994042396234,1365.41590603887
277.436,0.00905038138174203,1365.40353788265
277.446,0.00592720726626866,1365.39129160125
277.47,0.0048565156781685,1365.3793432646
277.488,0.00449494875824058,1365.36786894261
277.508,0.00437328655765468,1365.35704470522
277.514,0.00433239334911942,1365.34704662234
277.529,0.00431865358820626,1365.3380507639
277.55,0.00431403775585888,1365.33023319981
277.576,0.00431248699676608,1365.32377
277.591,0.0043119662928842,1365.31879003097
277.605,0.0431526667464993,1365.31523334555
277.619,0.0279231585993466,1365.31299279313
277.636,0.0126625558348081,1365.31196122312
277.656,0.00716128959930637,1365.31203148491
277.674,0.00527213006737952,1365.31309642791
277.687,0.00463462485400558,1365.31504890151
277.702,0.00442021046359602,1365.31778175513
277.722,0.00434815584861665,1365.32118783816
277.744,0.0043239481945159,1365.32516
277.773,0.00431581625126633,1365.32958604723
277.789,0.00431308469882557,1365.33433361515
277.807,0.00431216715782803,1365.33926529623
277.826,0.0043118588428764,1365.34424368294
277.851,0.00431175508995404,1365.34913136776
277.873,0.00431172009725827,1365.35379094316
277.886,0.00431170820418843,1365.35808500161
277.91,0.00431170445893449,1365.36187613558
277.93,0.0043117032577216,1365.36502693755
277.956,0.0043117027513287,1365.3674
277.973,0.157398918672115,1365.3688722501
277.982,0.103794737588787,1365.36937795385
278.009,0.0403414813558606,1365.36886571195
278.028,0.0225431949065808,1365.36728412512
278.05,0.0129139359369315,1365.36458179406
278.071,0.00729180622680203,1365.36070731947
278.089,0.0387745489161247,1365.35560930207
278.106,0.0260520231873899,1365.34923634255
278.119,0.0121765026930477,1365.34153704162
278.145,0.00699252184386216,1365.33246
278.16,0.00521574288064745,1365.32198461238
278.171,0.02939445522657,1365.31021344947
278.185,0.0197006332493879,1365.29727987597
278.189,0.00976642881570731,1365.28331725658
278.204,0.00617156569445775,1365.26845895601
278.222,0.00933050808934842,1365.25283833896
278.237,0.00781562241083551,1365.23658877013
278.253,0.00555423653909573,1365.21984361422
278.266,0.00472987962724429,1365.20273623595
278.281,0.00445192394073133,1365.1854
278.295,0.0043587558439678,1365.16796396038
278.307,0.00432750116491001,1365.15053992828
278.318,0.00431700870360434,1365.13323540418
278.333,0.00431348482726228,1365.11615788856
278.351,0.00431230128390834,1365.0994148819
278.362,0.00431190360590716,1365.0831138847
278.383,0.00431177047839571,1365.06736239742
278.392,0.00431172540839304,1365.05226792055
278.403,0.00431171059670439,1365.03793795459
278.414,0.00431170569049725,1365.02448
278.427,0.00431170376895238,1365.01198756609
278.437,0.0160935698260872,1365.00049819741
278.446,0.0118482995087417,1364.99003544731
278.456,0.00704123355856234,1364.98062286918
278.462,0.00524229923664255,1364.97228401638
278.479,0.00462554170536466,1364.96504244226
278.49,0.00441726226551863,1364.9589217002
278.501,0.00434717854476316,1364.95394534356
278.509,0.00432362178368404,1364.9501369257
278.525,0.00431570689182382,1364.94752
278.528,0.00431304778771798,1364.94608023526
278.539,0.00431215437226715,1364.9456517621
278.556,0.00431185423150257,1364.94603082656
278.571,0.00431175357150014,1364.94701367471
278.581,0.00431171984814688,1364.94839655259
278.589,0.0198637704603541,1364.94997570627
278.595,0.0142600091965343,1364.95154738179
278.601,0.00791468366831522,1364.95290782522
278.608,0.00554009021199655,1364.9538532826
278.626,0.0047259697459659,1364.95418
278.637,0.00445104096476119,1364.95374313286
278.64,0.00435853054019388,1364.9526334742
278.649,0.00432743541594701,1364.95100072644
278.66,0.00431698787085928,1364.94899459199
278.665,0.00431347805846136,1364.94676477326
278.674,0.00431229915106681,1364.94446097268
278.683,0.271883929259065,1364.94223289264
278.689,0.20115521536104,1364.94023023558
278.697,0.075192413992266,1364.93860270389
278.716,0.0283532358751286,1364.9375
278.726,0.0123991791354015,1364.9370594933
278.735,0.00702905438913397,1364.93736922109
278.741,0.0735576659930887,1364.93850488768
278.755,0.0437937725777519,1364.94054219733
278.769,0.0181180627454774,1364.94355685436
278.781,0.00903518481628163,1364.94762456303
278.799,0.0059049875215592,1364.95282102764
278.799,0.00484756162068702,1364.95922195248
278.81,0.0266416863834618,1364.96690304184
278.814,0.0185409988200159,1364.97594
278.824,0.00946354104537777,1364.98633695395
278.828,0.00606804986866694,1364.99781172142
278.832,0.0421242510983015,1365.01001054285
278.84,0.0303687167756824,1365.02257965867
278.85,0.0136896001668043,1365.03516530931
278.861,0.00749220509194532,1365.04741373521
278.874,0.00538158987886972,1365.0589711768
278.882,0.0046711773957282,1365.0694838745
278.89,0.00443246044901433,1365.07859806876
278.901,0.00435226681061256,1365.08596
278.903,0.00432532887443429,1365.09130861091
278.91,0.00431628001492989,1365.09475365323
278.92,0.00431323994743699,1365.09649758092
278.927,0.00431221902346822,1365.09674284798
278.936,0.00431187640168108,1365.09569190839
278.952,0.00431176099309148,1365.09354721612
278.958,0.00431172226141914,1365.09051122517
278.963,0.0164814928641297,1365.08678638951
278.974,0.0134366758377341,1365.08257516312
278.982,0.00755839355929593,1365.07808
278.989,0.00540450202117497,1365.07350917239
278.998,0.0112662492246679,1365.06909422567
279.004,0.00937447724148325,1365.06507252346
279.009,0.00611058738559811,1365.0616814294
279.014,0.00491715568114184,1365.05915830714
279.025,0.00451470686978426,1365.05774052031
279.03,0.00437982144309329,1365.05766543254
279.036,0.00433457407731429,1365.05917040747
279.041,0.00431938398371829,1365.06249280875
279.049,0.0110854411250831,1365.06787
279.051,0.00938962185766339,1365.07548023951
279.055,0.00611842408917455,1365.0852653641
279.063,0.00491982432750705,1365.09710810524
279.07,0.00451559345615161,1365.1108911944
279.073,0.00438011727809329,1365.12649736305
279.081,0.00433467303669376,1365.14380934266
279.088,0.0172794685182863,1365.16270986469
279.098,0.0126045482282034,1365.18308166061
279.108,0.00731505724789171,1365.20480746189
279.115,0.00533565149040724,1365.22777
279.115,0.00465702388192536,1365.25181763958
279.122,0.00442785124094544,1365.27666127794
279.121,0.00435073689535743,1365.30197744558
279.127,0.00432481732739888,1365.32744267298
279.131,0.00431610857485572,1365.35273349065
279.137,0.00431318283429285,1365.37752642906
279.142,0.00431219995355266,1365.40149801871
279.146,0.00431186978828381,1365.42432479009
279.154,0.00431175882689349,1365.44568327369
279.161,0.0195925778397109,1365.46525
279.172,0.0157693815118349,1365.48273147219
279.178,0.00838837661303596,1365.49795408415
279.193,0.00568386411835219,1365.51077420245
279.203,0.0169415412839207,1365.52104819366
279.207,0.0935899045580109,1365.52863242436
279.213,0.0587836939877479,1365.5333832611
279.214,0.0239554086249412,1365.53515707047
279.227,0.0110026814566941,1365.53381021903
279.231,0.00656756705505675,1365.52919907335
279.234,0.00507038430615749,1365.52118
279.247,0.055464327739545,1365.50968551167
279.258,0.036955454982951,1365.49495270546
279.268,0.0161320484263647,1365.47729482462
279.273,0.00834154305908642,1365.45702511237
279.278,0.00567073189265793,1365.43445681193
279.288,0.00476880836724654,1365.40990316654
279.294,0.00446532246193379,1365.38367741942
279.296,0.00436331461838695,1365.35609281381
279.301,0.0529638757052144,1365.32746259292
279.303,0.0318584586785972,1365.2981
279.306,0.0139233353360937,1365.26832934115
279.311,0.00760238059535067,1365.238519174
279.313,0.00542190877601261,1365.20904911907
279.32,0.00468511645584639,1365.18029879688
279.322,0.00443719292799472,1365.15264782793
279.324,0.00435386365302741,1365.12647583275
279.328,0.00432586655241086,1365.10216243186
279.327,0.00431646084807655,1365.08008724575
279.326,0.00431330096191957,1365.06062989496
279.324,0.00431223945015593,1365.04417
279.327,0.00431188295336765,1365.03100515374
279.333,0.0218667433616992,1365.02110483854
279.345,0.0155412501375832,1365.0143565091
279.349,0.00837870996405857,1365.01064762013
279.347,0.0056982936847005,1365.00986562635
279.343,0.00477932333001621,1365.01189798245
279.341,0.0530102717086564,1365.01663214316
279.342,0.0354153288074887,1365.02395556318
279.338,0.0155751245537095,1365.03375569722
279.341,0.00815172218528567,1365.04592
279.337,0.00560672078135793,1365.06028157387
279.335,0.00474727902722816,1365.07645611184
279.328,0.00445808690124754,1365.09400495453
279.326,0.00436088363462805,1365.1124894426
279.316,0.00432822428854943,1365.13147091669
279.316,0.00431725281855026,1365.15051071744
279.311,0.00431356744599609,1365.16917018551
279.308,0.00431232912333513,1365.18701066152
279.295,0.00431191285351838,1365.20359348614
279.294,0.00431177317714546,1365.21848
279.294,0.0043117264341752,1365.23133133076
279.288,0.00431171069372239,1365.24220775412
279.282,0.00431170569049725,1365.25126933279
279.277,0.00431170376895238,1365.25867612948
279.28,0.044723502008683,1365.26458820691
279.274,0.0301622221447273,1365.26916562778
279.272,0.0136739895744362,1365.27256845482
279.273,0.00750364507606003,1365.27495675072
279.273,0.00538816836532961,1365.27649057821
279.276,0.00467377016525815,1365.27733
279.281,0.0044333830965349,1365.27762932309
279.283,0.004352583699527,1365.2775198317
279.285,0.00432543606835079,1365.27712705433
279.293,0.00431631631448011,1365.27657651949
279.295,0.00431325278630744,1365.27599375569
279.298,0.00431222320836233,1365.27550429143
279.302,0.00431187759911638,1365.27523365523
279.303,0.00431176111109679,1365.27530737558
279.305,0.00431172226141914,1365.275850981
279.307,0.0043117090129265,1365.27699
279.311,0.00431170486405539,1365.27882307687
279.313,0.114354327882829,1365.28134131908
279.315,0.0747034912617364,1365.28450894989
279.32,0.0421582967005449,1365.28829019256
279.319,0.0222656512359965,1365.29264927034
279.324,0.0105384617536308,1365.2975504065
279.325,0.0725031167811769,1365.30295782428
279.326,0.0472952350790154,1365.30883574696
279.326,0.0198604737093055,1365.31514839778
279.323,0.00961163836016444,1365.32186
279.323,0.00609896970390386,1365.32894278942
279.321,0.00720038840560161,1365.33640105197
279.322,0.00622894416055741,1365.34424708609
279.323,0.00498985584548648,1365.35249319027
279.326,0.00453991672228944,1365.36115166294
279.326,0.0043882328543466,1365.37023480258
279.326,0.00433738497885198,1365.37975490765
279.324,0.00432032629630003,1365.3897242766
279.329,0.00431459904568849,1365.4001552079
279.324,0.0204538334709625,1365.41106
279.325,0.0146371671287801,1365.42241576544
279.323,0.00805127017407141,1365.43405887305
279.327,0.00558665666862154,1365.44579050573
279.329,0.00474167396786392,1365.45741184638
279.334,0.00445632295728621,1365.46872407789
279.334,0.0180272690131386,1365.47952838317
279.334,0.0130704806263475,1365.48962594513
279.339,0.00748344324862921,1365.49881794665
279.349,0.00539303711479996,1365.50690557064
279.349,0.00467637463732277,1365.51369
279.352,0.00443435922872929,1365.51902728881
279.349,0.00435292407699708,1365.52299297582
279.349,0.00432555193617973,1365.52571747098
279.352,0.00431635533970376,1365.52733118423
279.355,0.00431326556237354,1365.5279645255
279.353,0.00431222780652779,1365.52774790472
279.355,0.00431187887082886,1365.52681173185
279.352,0.0895729245810299,1365.52528641681
279.352,0.0582051369993759,1365.52330236955
279.35,0.0234967060332531,1365.52099
279.348,0.010847118957993,1365.51846367933
279.346,0.00651325613071794,1365.51577362367
279.349,0.00505178901151951,1365.51295401034
279.348,0.0499472964153855,1365.51003901671
279.347,0.0360973281875265,1365.50706282013
279.351,0.0157573211800346,1365.50405959793
279.345,0.00819240167512028,1365.50106352747
279.347,0.00561698820598465,1365.4981087861
279.348,0.00475025106412539,1365.49522955116
279.347,0.00445902109517635,1365.49246
279.336,0.00436118914312276,1365.48979417386
279.326,0.00432832581819361,1365.48706556952
279.317,0.00431728666888688,1365.48406754764
279.314,0.00898018730518484,1365.48059346891
279.312,0.00781138203366675,1365.47643669399
279.308,0.00555688602114653,1365.47139058355
279.306,0.00473081683862891,1365.46524849826
279.303,0.00445222274762975,1365.45780379879
279.285,0.00435885362577438,1365.44884984582
279.276,0.00432753393499726,1365.43818
279.269,0.0348320502765975,1365.42564773523
279.259,0.0238332684465353,1365.41134697827
279.252,0.011381784078024,1365.39543176908
279.238,0.0426568375565141,1365.37805614763
279.227,0.0474334803924214,1365.3593741539
279.224,0.0252702017445025,1365.33953982786
279.216,0.0117183370930162,1365.31870720948
279.204,0.00682595874942613,1365.29703033873
279.191,0.00515872398946475,1365.27466325558
279.185,0.00459650307576685,1365.25176
279.17,0.00440740447586925,1365.22850120521
279.158,0.00434385404186678,1365.20517387741
279.147,0.00432250307264159,1365.18209161605
279.148,0.00431533082951241,1365.15956802056
279.14,0.00431292136720933,1365.1379166904
279.129,0.00431211212104151,1365.117451225
279.122,0.0043118401924044,1365.09848522382
279.109,0.00431174887236252,1365.08133228629
279.098,0.00431171813991988,1365.06630601187
279.086,0.00431170792494501,1365.05372
279.078,0.00431170445893449,1365.04384029392
279.07,0.0043117032577216,1365.03674271208
279.055,0.0043117027513287,1365.03245551674
279.045,0.00431170269272685,1365.03100697013
279.038,0.0623540096229976,1365.03242533452
279.021,0.04387807548478,1365.03673887214
279.015,0.0185377964149579,1365.04397584525
279.002,0.00914147288944801,1365.0541645161
278.994,0.0512971155244485,1365.06733314693
278.989,0.0338737228291154,1365.08351
278.981,0.0150038619935185,1365.10265971911
278.961,0.00795612719374419,1365.12449247425
278.95,0.0194432826979085,1365.14865481701
278.938,0.0136182380089429,1365.17479329892
278.93,0.00767146357783968,1365.20255447154
278.918,0.0054564772653559,1365.23158488645
278.909,0.00469771035108972,1365.26153109519
278.899,0.00444152885147863,1365.29203964932
278.894,0.00435533272772187,1365.32275710041
278.883,0.004326361156987,1365.35333
278.871,0.0843598818052261,1365.38341178966
278.866,0.0547341628010432,1365.4126834709
278.857,0.02225130712189,1365.44083293524
278.849,0.0104237903010814,1365.46754807421
278.831,0.0063707475204914,1365.49251677931
278.817,0.00500389361485365,1365.51542694207
278.804,0.0045442761898297,1365.535966454
278.792,0.00438983412319689,1365.55382320662
278.784,0.00433794912049801,1365.56868509145
278.772,0.00432051933207643,1365.58024
278.768,0.00431466448484145,1365.58828855227
278.753,0.00431269757280475,1365.59308228216
278.742,0.00431203692348917,1365.59498545203
278.74,0.0553385315806685,1365.59436232426
278.723,0.0368269655691756,1365.59157716122
278.713,0.0159009867243235,1365.58699422528
278.704,0.0082581479149829,1365.58097777882
278.696,0.00564096788352211,1365.57389208421
278.684,0.0047585370248539,1365.56610140381
278.679,0.00446183453335193,1365.55797
278.673,0.0043621379893701,1365.54980975126
278.658,0.00432864492298201,1365.54172300047
278.649,0.00431739370170257,1365.53375970664
278.644,0.186734836850605,1365.52596982876
278.639,0.126610223664227,1365.51840332581
278.63,0.0486121554349472,1365.5111101568
278.622,0.0194153276210552,1365.50414028072
278.617,0.00940531643781325,1365.49754365656
278.611,0.00602493064630421,1365.49137024332
278.615,0.00488746798910815,1365.48567
278.624,0.00547886406551353,1365.48047218269
278.63,0.0320395916618322,1365.47572323595
278.635,0.0186163986205001,1365.4713489014
278.635,0.00940110218771357,1365.46727492072
278.64,0.00604182754506247,1365.46342703554
278.652,0.00489480089151569,1365.45973098752
278.653,0.00450779003417955,1365.45611251831
278.661,0.0232285802596583,1365.45249736955
278.672,0.0163923914715425,1365.4488112829
278.699,0.00868638742924112,1365.44498
278.708,0.00580315473790681,1365.44093974797
278.719,0.00481468366757721,1365.43666869574
278.727,0.0162627438297144,1365.43215549774
278.735,0.0119051526947644,1365.42738880836
278.75,0.0209686572639601,1365.42235728202
278.757,0.0156772507213192,1365.41704957311
278.763,0.0083381960803338,1365.41145433605
278.775,0.00566689583757953,1365.40556022524
278.787,0.00476615420208576,1365.39935589509
278.796,0.00446420653483841,1365.39283
278.81,0.00436290865879729,1365.38597113544
278.82,0.0043289007910339,1365.37876766108
278.839,0.00431747963385925,1365.37120787763
278.854,0.00431364326390515,1365.36328008583
278.89,0.030939369527303,1365.35497258639
278.907,0.0213446243103392,1365.34627368004
278.923,0.0104805145778055,1365.33717166751
278.949,0.00641487496154539,1365.3276548495
278.96,0.00502098638640388,1365.31771152676
278.963,0.00455026875959993,1365.30733
278.972,0.0845830607851593,1365.29652190027
278.978,0.0560561451961185,1365.28539217995
278.986,0.0227872771303894,1365.27406912173
278.996,0.0105998291821618,1365.26268100832
279.006,0.0064293654916033,1365.25135612242
279.008,0.0050235170750727,1365.24022274672
279.024,0.0284680461228533,1365.22940916393
279.038,0.0196913317802679,1365.21904365675
279.057,0.00987963695382517,1365.20925450787
279.069,0.00620987886627744,1365.20017
279.092,0.0049518407484321,1365.19189710347
279.115,0.00452701062240243,1365.18445753912
279.148,0.00438406160338118,1365.17785171543
279.169,0.0043360132290588,1365.17208004088
279.183,0.00624141468109182,1365.16714292393
279.201,0.00575523118230827,1365.16304077307
279.217,0.00482525948174067,1365.15977399677
279.241,0.00448455952496273,1365.15734300351
279.262,0.00436965828080486,1365.15574820176
279.278,0.00433114943978063,1365.15499
279.294,0.00431823239713869,1365.15503297585
279.314,0.00431389618741751,1365.15569838357
279.339,0.0191575910890375,1365.15677164654
279.358,0.0138080608959737,1365.15803818817
279.382,0.00775099513313491,1365.15928343186
279.404,0.00548428311440309,1365.16029280099
279.426,0.00470714957521527,1365.16085171897
279.448,0.0697526123204658,1365.16074560921
279.477,0.0444525306277877,1365.15975989508
279.499,0.0185321212817617,1365.15768
279.524,0.00916207757128079,1365.15433089311
279.541,0.00594626667720467,1365.1496957266
279.56,0.00486126347056664,1365.1437971984
279.579,0.00449636153465185,1365.13665800644
279.601,0.00437373859883289,1365.12830084865
279.63,0.0293100950600732,1365.11874842297
279.661,0.0202962824789969,1365.10802342733
279.692,0.0101006576525736,1365.09614855966
279.73,0.0062853563986411,1365.08314651791
279.76,0.00497730637904954,1365.06904
279.795,0.00453557711074904,1365.05388995169
279.828,0.00438694040661639,1365.03791031002
279.86,0.0043369806148659,1365.02135325986
279.892,0.00432019442530269,1365.00447098609
279.917,0.035772137929802,1364.98751567356
279.949,0.0244353688703903,1364.97073950714
279.984,0.0115998698549945,1364.95439467171
280.018,0.00679650220191573,1364.93873335213
280.052,0.00514968828495644,1364.92400773327
280.087,0.00459355782357004,1364.91047
280.126,0.00440642576264327,1364.89832421013
280.164,0.00434352692163208,1364.88758191332
280.2,0.0840219892724159,1364.87820653215
280.236,0.0509286346932459,1364.87016148922
280.276,0.0206820331334486,1364.86341020712
280.313,0.00990790281989024,1364.85791610846
280.353,0.00619889093311334,1364.85364261582
280.395,0.00494635118767477,1364.8505531518
280.437,0.00452497140417238,1364.84861113899
280.48,0.00438335233112626,1364.84778
280.514,0.00433577205491228,1364.84801842777
280.554,0.00431978810305237,1364.8492661967
280.591,0.00431441890970473,1364.85145835155
280.632,0.0232535554304662,1364.85452993705
280.674,0.0185140288933327,1364.85841599796
280.71,0.00936492279620221,1364.86305157903
280.754,0.00601255827823842,1364.86837172503
280.793,0.00488196399269603,1364.87431148068
280.835,0.00450305020660107,1364.88080589076
280.876,0.00437594813528861,1364.88779
280.913,0.00433327921563463,1364.89519501877
280.955,0.00431894995647859,1364.90293681986
280.991,0.00431413721687856,1364.91092744167
281.034,0.00431252043229038,1364.9190789226
281.079,0.00431197730282268,1364.92730330104
281.128,0.00431179488754096,1364.93551261541
281.173,0.00431173379298988,1364.94361890408
281.218,0.00431171311728662,1364.95153420547
281.273,0.00431170597080738,1364.95917055798
281.328,0.00431170400435511,1364.96644
281.371,0.00431170294452914,1364.97328241714
281.418,0.0155044751960747,1364.97974908385
281.46,0.0114714692278831,1364.98591912177
281.512,0.0069047574850657,1364.99187165256
281.557,0.0051957698245544,1364.99768579786
281.601,0.00460984931728875,1365.00344067934
281.641,0.00441198408854591,1365.00921541864
281.685,0.00434540419265368,1365.01508913742
281.729,0.0176365324170698,1365.02114095732
281.768,0.0128318592420879,1365.02745
281.802,0.0073973503500251,1365.03409991267
281.838,0.0167921146360122,1365.04119244475
281.873,0.0119769808072597,1365.04883387126
281.91,0.0070786772689473,1365.05713046718
281.948,0.00525448444258711,1365.0661885075
281.983,0.00462959963452595,1365.07611426722
282.023,0.00441862106397467,1365.08701402134
282.061,0.00434763412951581,1365.09899404485
282.097,0.00432377462257838,1365.11216061274
282.133,0.00431575838581307,1365.12662
282.173,0.00431306518334032,1365.1424289922
282.207,0.00431216032125993,1365.15944641714
282.245,0.00431185632715418,1365.17748161319
282.282,0.00431175432935812,1365.19634391873
282.314,0.00431171986946258,1365.21584267213
282.35,0.00431170820418843,1365.23578721176
282.384,0.00431170445893449,1365.25598687599
282.416,0.0043117032577216,1365.27625100319
282.45,0.0043117027513287,1365.29638893174
282.483,0.00431170269272685,1365.31621
282.513,0.00431170269272685,1365.33553690854
282.547,0.00431170269272685,1365.35424580669
282.578,0.00431170269272685,1365.37222620597
282.607,0.00431170269272685,1365.38936761789
282.647,0.00431170269272685,1365.40555955397
282.68,0.00431170269272685,1365.42069152574
282.707,0.00641625195535043,1365.43465304471
282.738,0.00588970570972607,1365.44733362239
282.773,0.00487316091120701,1365.45862277032
282.804,0.00450068329423579,1365.46841
282.832,0.0043750642360188,1365.47660225363
282.861,0.00433296322880159,1365.48317619609
282.882,0.00431884071764337,1365.48812592293
282.915,0.00431410002108437,1365.49144552971
282.947,0.00431250813629298,1365.49312911197
282.969,0.00431197326281456,1365.49317076528
282.996,0.00431179357025303,1365.49156458519
283.021,0.00431173305540733,1365.48830466724
283.048,0.00431171259850679,1365.48338510699
283.077,0.00431170578264544,1365.4768
283.105,0.00431170376895238,1365.46858310694
283.135,0.00431170291862187,1365.45892684895
283.167,0.024968521795635,1365.44806331231
283.193,0.174630896424603,1365.43622458328
283.213,0.070310536357759,1365.42364274813
283.232,0.0281995184588528,1365.41054989313
283.251,0.0124801404372621,1365.39717810455
283.276,0.00706955547477759,1365.38375946865
283.306,0.00523970262048577,1365.37052607172
283.331,0.0198222336485078,1365.35771
283.356,0.0141387140501662,1365.34555864863
283.38,0.00786800477675359,1365.33438064812
283.401,0.00826906353504326,1365.32449993785
283.42,0.00677879135455368,1365.31624045719
283.448,0.00518154440228283,1365.30992614552
283.473,0.00460441007677582,1365.3058809422
283.494,0.00440987364759406,1365.30442878662
283.517,0.00434464952849583,1365.30589361814
283.543,0.00432276556389062,1365.31059937614
283.565,0.00431541804222494,1365.31887
283.587,0.00431295085179151,1365.33088965856
283.61,0.0769228556171698,1365.34628343858
283.631,0.0475196937827706,1365.36453665631
283.655,0.0195345585365503,1365.38513462797
283.675,0.00951146230341398,1365.40756266981
283.699,0.0060647743292413,1365.43130609807
283.719,0.0049011981318663,1365.45585022898
283.739,0.00450979154324166,1365.48068037878
283.758,0.00437825190123153,1365.50528186371
283.779,0.00433405858567364,1365.52914
283.795,0.00431921264731991,1365.55173910714
283.814,0.0295274182454392,1365.57255951756
283.836,0.0204408630764003,1365.59108056693
283.854,0.0101531816681176,1365.60678159093
283.877,0.00630327360881697,1365.61914192524
283.893,0.00498334965303698,1365.62764090553
283.913,0.00453761006419884,1365.63175786747
283.929,0.0043876236990299,1365.63097214675
283.948,0.00433720995416788,1365.62476307903
283.961,0.0043202714909986,1365.61261
283.982,0.00431458124655585,1365.59424426289
283.999,0.00431266965049934,1365.57040529119
284.01,0.00431202732158241,1365.54208452598
284.028,0.00431181166969482,1365.5102734083
284.048,0.00431173935025616,1365.47596337923
284.058,0.00431171499387658,1365.44014587982
284.071,0.00431170693887448,1365.40381235113
284.096,0.00431170421031824,1365.36795423422
284.112,0.0043117032540995,1365.33356297016
284.125,0.0043117027513287,1365.30163
284.131,0.00431170269272685,1365.27297572131
284.141,0.00431170269272685,1365.24773635767
284.152,0.00431170269272685,1365.22587708916
284.158,0.00431170269272685,1365.20736309585
284.165,0.00431170269272685,1365.19215955784
284.164,0.00431170269272685,1365.1802316552
284.164,0.00431170269272685,1365.17154456802
284.166,0.00431170269272685,1365.16606347637
284.168,0.00431170269272685,1365.16375356033
284.169,0.00431170269272685,1365.16458
284.169,0.00431170269272685,1365.16843035187
284.168,0.00431170269272685,1365.17488167813
284.164,0.00431170269272685,1365.1834334174
284.167,0.00431170269272685,1365.19358500829
284.165,0.00431170269272685,1365.20483588941
284.165,0.189209310240621,1365.21668549938
284.164,0.129381115621646,1365.22863327681
284.159,0.0491539687935454,1365.24017866031
284.164,0.019553475686185,1365.25082108851
284.164,0.00944255029743096,1365.26006
284.166,0.0060360845084015,1365.26751318122
284.165,0.00489103108576662,1365.27327180981
284.164,0.00450631589037896,1365.27754541125
284.16,0.00437707685982887,1365.280543511
284.157,0.00698722428343508,1365.28247563452
284.156,0.00630873460913059,1365.28355130728
284.15,0.123429847924138,1365.28398005474
284.145,0.0802935838683832,1365.28397140237
284.128,0.0318236406677288,1365.28373487564
284.098,0.0136910850967751,1365.28348
284.07,0.00747480803444069,1365.28338199327
284.055,0.00537560335159107,1365.28347884262
284.045,0.00466924780472748,1365.2837742276
284.022,0.00443182761357574,1365.28427182772
283.999,0.00435205700769878,1365.28497532251
283.967,0.105535429388991,1365.2858883915
283.942,0.0755066242368904,1365.28701471422
283.924,0.0299343439908264,1365.28835797019
283.896,0.0129967996419217,1365.28992183894
283.876,0.00723266055073001,1365.29171
283.846,0.0052930444468362,1365.29368509571
283.816,0.00464135323130238,1365.29564561969
283.797,0.00442243634610115,1365.29734902835
283.769,0.0043488991940263,1365.29855277813
283.744,0.0430865366379952,1365.29901432545
283.726,0.0291112997207152,1365.29849112673
283.699,0.0132932675143722,1365.2967406384
283.679,0.00737383660125448,1365.29352031688
283.661,0.00534439043224828,1365.28858761861
283.646,0.00465904554708616,1365.2817
283.63,0.00442843465488135,1365.27271921388
283.611,0.00435092172021963,1365.26192419862
283.589,0.00432487808712445,1365.24969818899
283.566,0.00431612896516035,1365.23642441976
283.545,0.0596879579572066,1365.22248612571
283.52,0.0397342039356753,1365.2082665416
283.498,0.0171406627026853,1365.1941489022
283.473,0.00868555829516547,1365.18051644229
283.452,0.00578676244695747,1365.16775239663
283.423,0.00480783667575911,1365.15624
283.4,0.00447843852000059,1365.14629804878
283.371,0.00436772122539217,1365.13798758585
283.342,0.00433052101470367,1365.1313052157
283.311,0.00431802440939814,1365.12624754283
283.282,0.00431382617528713,1365.12281117172
283.256,0.00431241588393802,1365.12099270688
283.225,0.0226916501528797,1365.12078875279
283.195,0.0160688696874102,1365.12219591395
283.175,0.00856979746643951,1365.12521079486
283.152,0.00576344253728263,1365.12983
283.128,0.0048012942503803,1365.136006691
283.106,0.00447637597974641,1365.14352025799
283.089,0.00436704474020146,1365.15210664821
283.06,0.00433029627869343,1365.16150180894
283.034,0.238705633874658,1365.17144168741
283.014,0.166114985998808,1365.1816622309
282.996,0.0621993930505456,1365.19189938664
282.983,0.0240020437606531,1365.2018891019
282.954,0.0109416212685601,1365.21136732394
282.932,0.0065400801856908,1365.22007
282.912,0.00853745877332485,1365.22778014722
282.889,0.00717034206761478,1365.2344690622
282.858,0.00532381382831386,1365.24015511144
282.835,0.0046523105937974,1365.24485666142
282.815,0.00442591945611538,1365.24859207862
282.79,0.00435003089567639,1365.25137972954
282.758,0.00432457206028498,1365.25323798065
282.724,0.00431602497862651,1365.25418519844
282.698,0.00431315470261372,1365.25423974939
282.67,0.00431219033091137,1365.25342
282.643,0.00431186655291106,1365.25175371013
282.613,0.00431175770290019,1365.2493062132
282.584,0.00431172112599949,1365.24615223602
282.551,0.00431170865435518,1365.24236650538
282.517,0.00431170483775277,1365.23802374809
282.478,0.00431170352941457,1365.23319869096
282.446,0.00431170277748178,1365.22796606078
282.42,0.00431170269272685,1365.22240058435
282.394,0.00431170269272685,1365.21657698849
282.359,0.00431170269272685,1365.21057
282.333,0.00431170269272685,1365.20443309226
282.299,0.190331306265594,1365.19813472498
282.273,0.455768664168069,1365.19162210448
282.233,0.210014426279444,1365.18484243706
282.202,0.100732441933837,1365.17774292901
282.173,0.0444019552998051,1365.17027078664
282.142,0.0182042563426612,1365.16237321625
282.114,0.00900786470578844,1365.15399742415
282.086,0.00589186448123068,1365.14509061663
282.06,0.00484279146117167,1365.1356
282.028,0.00449013747755367,1365.12548272084
282.004,0.00437164551467067,1365.11473568686
281.984,0.00433183867756212,1365.10336574604
281.967,0.0333246473134689,1365.09137974638
281.94,0.0260629703373979,1365.07878453587
281.929,0.0120508171281412,1365.06558696248
281.91,0.00691659838322742,1365.05179387421
281.888,0.00518506981606152,1365.03741211905
281.87,0.00460475507921016,1365.02244854498
281.86,0.00441009560960407,1365.00691
281.844,0.131715729686586,1364.99081527438
281.835,0.0872140284081274,1364.97423092758
281.817,0.0337667404091685,1364.95723546134
281.799,0.0142709730672041,1364.9399073774
281.787,0.00765681868378396,1364.92232517752
281.781,0.00543492559703351,1364.90456736344
281.774,0.00468893034682516,1364.8867124369
281.761,0.00443840708891387,1364.86883889965
281.745,0.00435426258001239,1364.85102525344
281.722,0.00432599890132846,1364.83335
281.707,0.161177403627153,1364.81589778164
281.698,0.112798570552496,1364.79877780283
281.686,0.0433606434829988,1364.78210540861
281.671,0.017560737210133,1364.765995944
281.656,0.00876912638393347,1364.75056475404
281.635,0.00580943896552559,1364.73592718376
281.615,0.00481484516932245,1364.72219857818
281.605,0.00448071762007837,1364.70949428234
281.596,0.00436847737389653,1364.69792964127
281.591,0.00433077391093159,1364.68762
281.581,0.00431810899158778,1364.67865947907
281.575,0.00431385449303808,1364.67105730111
281.564,0.00431242544410022,1364.66480146424
281.559,0.00431194525085361,1364.6598799666
281.554,0.00431178395617564,1364.65628080632
281.542,0.00431173004537089,1364.65399198154
281.538,0.00431171191743773,1364.65300149038
281.53,0.00431170570091943,1364.65329733098
281.524,0.00431170376895238,1364.65486750148
281.517,0.00431170291862187,1364.6577
281.512,0.0108998567505696,1364.66174577207
281.503,0.0092515377548271,1364.66680755273
281.494,0.00606930930936947,1364.67265102443
281.487,0.00490329236856782,1364.6790418696
281.481,0.00451005044103275,1364.68574577067
281.471,0.00437825731339751,1364.6925284101
281.454,0.00433404877071578,1364.69915547031
281.435,0.00431920760247736,1364.70539263373
281.42,0.00431422356228876,1364.71100558282
281.394,0.00431254937380322,1364.71576
281.376,0.0043119871083836,1364.71949475266
281.356,0.00431179830699327,1364.72234144797
281.328,0.0043117347208282,1364.72450487805
281.294,0.0043117134594306,1364.72618983501
281.278,0.00431170638170574,1364.72760111098
281.259,0.00431170400435511,1364.72894349807
281.237,0.00431170294452914,1364.7304217884
281.232,0.00431170269272685,1364.73224077409
281.217,0.00431170269272685,1364.73460524725
281.205,0.00431170269272685,1364.73772
281.2,0.00431170269272685,1364.74177857729
281.197,0.00431170269272685,1364.74692953539
281.182,0.00431170269272685,1364.75331018338
281.167,0.0477867915828002,1364.76105783035
281.167,0.0321217394066178,1364.7703097854
281.164,0.0143836699009109,1364.78120335762
281.162,0.00774560117205671,1364.7938758561
281.156,0.00546976647779647,1364.80846458992
281.166,0.00470121522124144,1364.8251068682
281.164,0.00444260656238262,1364.84394
281.172,0.0104863258833632,1364.86502180817
281.174,0.00892326817182246,1364.88809217048
281.163,0.00595221739857083,1364.91281147844
281.16,0.00486387761406799,1364.93884012359
281.156,0.00449683637258704,1364.96583849742
281.139,0.0216931645907108,1364.99346699146
281.117,0.0154113535224595,1365.02138599722
281.087,0.00833111788122499,1365.04925590622
281.063,0.00568203245279772,1365.07673710997
281.046,0.16205499904566,1365.10349
281.027,0.111956545417978,1365.12923727004
281.017,0.0430108078117023,1365.1539508227
281.014,0.0174502402868758,1365.17766486285
281.006,0.00873288881824805,1365.20041359531
280.996,0.00579737935547896,1365.22223122493
280.99,0.00481080932558611,1365.24315195656
280.985,0.00447936386543981,1365.26320999504
280.985,0.00436802273351917,1365.28243954521
280.986,0.00433062147509804,1365.30087481191
280.982,0.00431805792271537,1365.31855
280.979,0.00431383730274778,1365.33548554169
280.97,0.0043124195491836,1365.3516467787
280.963,0.00431194345296517,1365.36698528017
280.949,0.00431178357260477,1365.38145261518
280.934,0.0043117299292758,1365.39500035285
280.921,0.00431171191743773,1365.4075800623
280.913,0.00431170570091943,1365.41914331263
280.899,0.00431170376895238,1365.42964167295
280.879,0.00431170291862187,1365.43902671237
280.864,0.00431170269272685,1365.44725
280.834,0.00431170269272685,1365.45423355322
280.824,0.00431170269272685,1365.45978118248
280.811,0.00431170269272685,1365.46366714649
280.798,0.00431170269272685,1365.46566570398
280.775,0.00431170269272685,1365.46555111365
280.759,0.00431170269272685,1365.46309763424
280.746,0.00431170269272685,1365.45807952445
280.732,0.00431170269272685,1365.450271043
280.717,0.00431170269272685,1365.43944644861
280.705,0.00431170269272685,1365.42538
280.691,0.00431170269272685,1365.40795764543
280.68,0.00431170269272685,1365.38751209138
280.67,0.0128214005924889,1365.36448773387
280.662,0.0106923212466707,1365.33932896891
280.65,0.0065819442168686,1365.31248019253
280.638,0.0319384914724246,1365.28438580075
280.634,0.0217513359825742,1365.25549018958
280.636,0.0106209954148057,1365.22623775505
280.636,0.00646232365449152,1365.19707289319
280.631,0.00503694825214677,1365.16844
280.626,0.00455563340040461,1365.14071709504
280.63,0.00439368033834911,1365.11401669199
280.627,0.00433924521259696,1365.08838492803
280.611,0.0378992706039769,1365.06386794038
280.602,0.0257941025995831,1365.04051186623
280.605,0.0120919060464873,1365.01836284278
280.596,0.00696425123129858,1364.99746700723
280.585,0.00520625964570605,1364.97787049678
280.568,0.00461258510467451,1364.95961944864
280.552,0.0044128205514441,1364.94276
280.54,0.00434567546854207,1364.92731683439
280.518,0.00432311536867872,1364.91322882067
280.499,0.00431553669770388,1364.900413374
280.483,0.00431299055220329,1364.88878790958
280.464,0.00431213516828514,1364.87826984257
280.445,0.00431184816543175,1364.86877658815
280.425,0.00431175158893401,1364.86022556151
280.406,0.00431171912566844,1364.85253417782
280.387,0.00431170805577078,1364.84561985225
280.376,0.00431170445893449,1364.8394
280.369,0.0043117032577216,1364.83379743738
280.359,0.0043117027513287,1364.82875658534
280.358,0.00431170269272685,1364.82422726595
280.349,0.00431170269272685,1364.82015930131
280.347,0.00431170269272685,1364.8165025135
280.344,0.00431170269272685,1364.81320672462
280.339,0.00431170269272685,1364.81022175674
280.33,0.00431170269272685,1364.80749743195
280.324,0.0225735939400339,1364.80498357234
280.318,0.0159934235581469,1364.80263
280.304,0.00854247505746144,1364.80037594608
280.298,0.00575412696077329,1364.79811827798
280.29,0.00479815322206764,1364.79574327219
280.281,0.00447531960447434,1364.79313720518
280.274,0.00436668987675031,1364.79018635342
280.272,0.00433017718883138,1364.78677699338
280.266,0.00431790903504389,1364.78279540155
280.263,0.00431378747116183,1364.77812785439
280.274,0.00431240260042132,1364.77266062838
280.3,0.00431193741882163,1364.76628
280.304,0.00431178148641858,1364.75891424831
280.324,0.00431172922966161,1364.75065966273
280.334,0.00431171164696347,1364.74165453528
280.376,0.00431170575397665,1364.73203715798
280.41,0.00431170376895238,1364.72194582283
280.422,0.00431170291862187,1364.71151882186
280.427,0.00431170269272685,1364.70089444708
280.425,0.00431170269272685,1364.6902109905
280.434,0.00431170269272685,1364.67960674413
280.438,0.00431170269272685,1364.66922
280.428,0.00431170269272685,1364.65918588069
280.465,0.00431170269272685,1364.64962683109
280.487,0.00431170269272685,1364.64066212668
280.518,0.00431170269272685,1364.6324110429
280.551,0.00431170269272685,1364.62499285525
280.579,0.0204528607233969,1364.61852683917
280.63,0.0146368390389967,1364.61313227014
280.672,0.00805116019789906,1364.60892842363
280.716,0.00558662044104052,1364.60603457509
280.754,0.00474166188062392,1364.60457
280.79,0.00445631908820413,1364.60461554893
280.829,0.00436030416497442,1364.6060983729
280.869,0.0110991890760703,1364.60890719802
280.911,0.00939423949730438,1364.6129307504
280.951,0.00611997525901713,1364.61805775617
280.99,0.00492034540131078,1364.62417694145
281.024,0.00451576848513579,1364.63117703236
281.058,0.10692991303756,1364.638946755
281.088,0.0659925952928695,1364.64737483551
281.102,0.0260835047374804,1364.65635
281.109,0.0117449465753502,1364.66575240358
281.115,0.00681742653724128,1364.67542791731
281.102,0.307911748981398,1364.68521384126
281.11,0.232625234062721,1364.69494747549
281.134,0.086592856826977,1364.70446612006
281.16,0.0321815081114161,1364.71360707502
281.179,0.0136810191697444,1364.72220764043
281.194,0.00745891948925453,1364.73010511636
281.231,0.0053688371767188,1364.73713680286
281.265,0.00466679733901248,1364.74314
281.301,0.00443098149043293,1364.74799234676
281.336,0.00435176967290675,1364.75173283786
281.378,0.00432516154565873,1364.75444080693
281.414,0.00431622375454765,1364.75619558763
281.455,0.0255205802525108,1364.7570765136
281.47,0.0178780827810103,1364.75716291848
281.493,0.0092250272220609,1364.75653413592
281.521,0.00598683270172817,1364.75526949956
281.559,0.00487663162833,1364.75344834303
281.591,0.00450171544609545,1364.75115
281.629,0.00437556063948303,1364.74846446938
281.659,0.0602775048814907,1364.74552441126
281.71,0.0562559609442054,1364.742473151
281.763,0.0275091173172912,1364.73945401397
281.824,0.0388609908054282,1364.73661032553
281.877,0.0239794285482335,1364.73408541105
281.931,0.0113638199674744,1364.73202259589
281.99,0.0067114304200506,1364.73056520542
282.047,0.00512058549087355,1364.729856565
282.106,0.00458372345438864,1364.73004
282.164,0.00440311521904456,1364.73122419571
282.225,0.00434241425555061,1364.73337927709
282.275,0.0043220196790499,1364.73644072905
282.329,0.00431516836940939,1364.74034403647
282.392,0.00431286684093252,1364.74502468427
282.448,0.00431209374916685,1364.75041815731
282.501,0.00431183414690262,1364.75645994052
282.56,0.00431174682611514,1364.76308551877
282.613,0.00431171724163481,1364.77023037697
282.67,0.00431170766761288,1364.77783
282.723,0.00431170445893449,1364.78580214779
282.775,0.0043117032577216,1364.79399368038
282.831,0.0043117027513287,1364.8022337328
282.888,0.00431170269272685,1364.81035144013
282.94,0.00431170269272685,1364.81817593741
282.996,0.00431170269272685,1364.82553635969
283.041,0.0186855798817524,1364.83226184204
283.087,0.0135063501667172,1364.8381815195
283.136,0.00764173137100582,1364.84312452714
283.178,0.0134077153679859,1364.84692
283.218,0.0106635490549489,1364.84943829312
283.248,0.00656425665325309,1364.8507146414
283.274,0.00506981937228147,1364.85082549974
283.302,0.00456591303891086,1364.84984732301
283.333,0.0266456520986684,1364.84785656611
283.371,0.0438555710075511,1364.84492968392
283.404,0.0158502332299663,1364.84114313133
283.436,0.00847642702961935,1364.83657336322
283.467,0.00573380663755258,1364.83129683448
283.5,0.00479173163038436,1364.82539
283.529,0.00447322249114143,1364.81895214974
283.538,0.00436599349507986,1364.81217391403
283.555,0.00432994421528762,1364.80526875825
283.558,0.00431783061073512,1364.79845014783
283.558,0.00431376126560588,1364.79193154815
283.559,0.00431239409682798,1364.78592642462
283.548,0.00431193497152529,1364.78064824263
283.54,0.00431178065337996,1364.7763104676
283.528,0.00431172870012511,1364.77312656492
283.513,0.00431171121519979,1364.77131
283.504,0.00431170569049725,1364.77102826792
283.494,0.00431170376895238,1364.7722649825
283.483,0.0299961700356568,1364.77495778725
283.481,0.020741479590178,1364.77904432568
283.482,0.0102620789499327,1364.7844622413
283.472,0.00634040272038393,1364.79114917761
283.453,0.00499587113744113,1364.79904277813
283.46,0.0045418214626639,1364.80808068637
283.458,0.00438903888733399,1364.81820054582
283.454,0.00433768553362991,1364.82934
283.442,0.00432043147537017,1364.84142444859
283.429,0.0159786818251914,1364.85433031599
283.402,0.0117739163391812,1364.86792178275
283.38,0.00701426965499599,1364.88206302946
283.339,0.00523310539591752,1364.89661823666
283.311,0.0133151441766104,1364.91145158493
283.255,0.0109340549093813,1364.92642725483
283.208,0.00666589193062578,1364.94140942693
283.154,0.00510407401380605,1364.9562622818
283.091,0.00457737567976461,1364.97085
283.034,0.00440084948122544,1364.98505750771
282.983,0.00434163418207579,1364.99885271354
282.921,0.00432175528236544,1365.01222427173
282.866,0.00431507928895492,1365.0251608365
282.799,0.00431283686876123,1365.03765106207
282.737,0.00431208348079984,1365.04968360268
282.687,0.0043118307003014,1365.06124711255
282.626,0.00431174566308736,1365.07233024591
282.565,0.0331838826513942,1365.08292165698
282.495,0.0224131493616389,1365.09301
282.449,0.0107471605726649,1365.10259061057
282.395,0.00650463269483099,1365.11168554983
282.334,0.00505049339495367,1365.12032356032
282.263,0.00456006624468734,1365.12853338454
282.214,0.00439515260475947,1365.13634376505
282.147,0.00433973717130235,1365.14378344434
282.08,0.00432112013135412,1365.15088116496
282.011,0.00431486614646117,1365.15766566943
281.93,0.00431276542911316,1365.16416570026
281.856,0.00431205986836033,1365.17041
281.787,0.00431182281058255,1365.17643120002
281.713,0.0338842247665284,1365.18227748713
281.621,0.0232285668037298,1365.18800093701
281.537,0.0111628283469282,1365.19365362532
281.461,0.00664750000093596,1365.19928762775
281.377,0.0050994377794205,1365.20495501995
281.302,0.00457665581333852,1365.21070787761
281.229,0.00440074571558549,1365.21659827639
281.145,0.00434161857738021,1365.22267829196
281.05,0.00432175270941654,1365.229
280.956,0.00797516346754501,1365.23561592936
280.868,0.00705718796891291,1365.24258042165
280.774,0.00528853215810636,1365.24994827166
280.68,0.00464049193550472,1365.25777427417
280.584,0.00442193887665025,1365.26611322397
280.48,0.00434869196313352,1365.27501991586
280.382,0.00432412207539202,1365.28454914462
280.281,0.00431587388165279,1365.29475570503
280.18,0.00431310380469199,1365.3056943919
280.083,0.0911914502689171,1365.31742
279.986,0.05394999622767,1365.32994542253
279.886,0.021662914000333,1365.34311594625
279.784,0.0102498003798819,1365.35673495635
279.675,0.00631485896133969,1365.370605838
279.569,0.00946903396695234,1365.38453197636
279.467,0.00789994503441336,1365.39831675661
279.353,0.00558391807590674,1365.41176356393
279.237,0.00473986579078455,1365.42467578349
279.117,0.00445527333492067,1365.43685680045
278.986,0.078230024717163,1365.44811
278.867,0.0788346242199547,1365.45825405053
278.731,0.0319325343128545,1365.46716875333
278.619,0.0137049034418479,1365.47474919293
278.531,0.00747185313561979,1365.48089045385
278.44,0.179834574449641,1365.48548762059
278.376,0.143881492147175,1365.48843577769
278.305,0.0543221142493616,1365.48963000966
278.217,0.0213622022968018,1365.48896540102
278.14,0.0100551485173572,1365.4863370363
278.063,0.00624231839883157,1365.48164
278.003,0.00496035791936498,1365.47482120536
277.957,0.00452961025949044,1365.46603488041
277.896,0.0043849025001002,1365.45548708192
277.821,0.00433629190762134,1365.44338386662
277.793,0.00431996255467598,1365.42993129128
277.76,0.00431447713213939,1365.41533541263
277.764,0.00431263467892949,1365.39980228742
277.756,0.0043120157347721,1365.38353797242
277.706,0.00431180759649794,1365.36674852436
277.636,0.00431173794241593,1365.34964
277.571,0.0043117147607991,1365.33239556804
277.497,0.00431170693887448,1365.31510684501
277.434,0.00431170421031824,1365.29784255939
277.359,0.0043117032540995,1365.28067143966
277.287,0.0043117027513287,1365.26366221431
277.219,0.0192265530576913,1365.24688361181
277.163,0.0154949397385245,1365.23040436065
277.091,0.00829072768891855,1365.2142931893
277.04,0.0056509967223137,1365.19861882626
276.995,0.00476074013575746,1365.18345
276.938,0.00446237444486278,1365.16880421248
276.882,0.00436229121703192,1365.15449405954
276.844,0.00432869274141566,1365.14028091052
276.796,0.00431740954194072,1365.12592613473
276.75,0.00431361985718146,1365.1111911015
276.715,0.0043123466471207,1365.09583718015
276.68,0.00431191905469337,1365.07962574
276.653,0.00431177546667104,1365.06231815037
276.627,0.0043117271641418,1365.0436757806
276.605,0.00431171097626872,1365.02346
276.58,0.00431170569049725,1365.00144315501
276.553,0.0238695976605773,1364.97744150051
276.537,0.0168224488201751,1364.95128226851
276.518,0.00884272321597783,1364.92279269101
276.502,0.00585636705790551,1364.89046991803
276.49,0.209725631636178,1364.86751218626
276.482,0.11870121526588,1364.84674449203
276.473,0.0450976664171201,1364.82806420667
276.465,0.0181701151261569,1364.81136870151
276.453,0.00897763265352433,1364.79655534788
276.441,0.0343921111280602,1364.78352151712
276.435,0.023077173458048,1364.77216458055
276.43,0.0110941730978508,1364.7623819095
276.423,0.00662320460460852,1364.75407087532
276.417,0.00509116523966985,1364.74712884932
276.408,0.00457386499943056,1364.74144828907
276.397,0.00439980674715048,1364.73690199708
276.399,0.00434130310822009,1364.73335786209
276.386,0.0446156288343557,1364.73068377283
276.371,0.0300902012726299,1364.72874761805
276.364,0.0136478181950786,1364.72741728649
276.359,0.00749471729625736,1364.72656066689
276.345,0.00538515708241945,1364.72604564798
276.332,0.00467275732356659,1364.72574011851
276.319,0.00443304263180202,1364.72551196721
276.308,0.00435246947565114,1364.72525365166
276.308,0.0112795598823875,1364.72495590471
276.295,0.00953057214221783,1364.72463402808
276.298,0.00616850010374921,1364.72430332345
276.285,0.00493667836308334,1364.72397909252
276.274,0.00452124424063911,1364.72367663698
276.272,0.0111727423464618,1364.72341125854
276.281,0.041742265658385,1364.72319825889
276.285,0.0215136694556103,1364.72305293972
276.291,0.0103618333330409,1364.72299060274
276.305,0.00636444870915834,1364.72302056564
276.315,0.00500322917847607,1364.72312821017
276.332,0.0372536477968247,1364.72329293406
276.348,0.0540677460776525,1364.72349413505
276.368,0.0235878777267907,1364.7237112109
276.367,0.0109022327516025,1364.72392355934
276.387,0.00653071488096979,1364.72411057811
276.406,0.0050573210919673,1364.72425166496
276.438,0.00456217367028031,1364.72432621764
276.462,0.00439583906399737,1364.72431363388
276.505,0.00433996503048212,1364.72420330425
276.536,0.00432119615369669,1364.72402459059
276.569,0.00431489170312011,1364.72381684757
276.608,0.00431277385910598,1364.72361942987
276.634,0.00431206253944099,1364.72347169213
276.654,0.0043118236537751,1364.72341298904
276.677,0.00431174348267984,1364.72348267526
276.696,0.00431171631902418,1364.72372010545
276.71,0.00431170741063556,1364.72416463429
276.711,0.00431170430259297,1364.72485561644
276.728,0.00431170311684651,1364.72582201841
276.724,0.00431170269272685,1364.72705125412
276.73,0.0409514575945054,1364.72852034934
276.749,0.0260101517708193,1364.73020632982
276.747,0.175321462853858,1364.73208622132
276.75,0.120767088152997,1364.73413704961
276.739,0.0461854340125127,1364.73633584045
276.746,0.0185121580992633,1364.73865961961
276.748,0.00908858381134732,1364.74108541284
276.747,0.00591670817353551,1364.7435902459
276.746,0.00485087234926681,1364.74618540009
276.75,0.0044928186642432,1364.74901917878
276.758,0.00437254184600414,1364.75227414088
276.757,0.00433213944223115,1364.75613284529
276.755,0.00431856761720678,1364.76077785092
276.749,0.00431400859559718,1364.76639171666
276.743,0.00431247708315701,1364.77315700143
276.745,0.0207722374308713,1364.78125626412
276.739,0.013582679715014,1364.79087206365
276.736,0.00763594410898647,1364.8021869589
276.741,0.005443219279494,1364.81532675734
276.733,0.00469316344238809,1364.83019026058
276.731,0.00443999281985081,1364.84661951876
276.725,0.00435481532166633,1364.86445658204
276.723,0.00432618704116994,1364.88354350058
276.717,0.00431656876384341,1364.90372232454
276.716,0.00431333734938037,1364.92483510406
276.717,0.00431225164511102,1364.94672388931
276.71,0.00431188713147319,1364.96923073044
276.706,0.0172718186365688,1364.9921976776
276.695,0.0221627572781294,1365.01541312731
276.698,0.0196912640409859,1365.03845086158
276.701,0.0102015971386807,1365.06083100877
276.7,0.00633647318154872,1365.08207369724
276.708,0.00499570304292039,1365.10169905536
276.718,0.00454187034745791,1365.11922721151
276.719,0.00438906704993593,1365.13417829403
276.712,0.00433769607396854,1365.1460724313
276.707,0.0611090229029484,1365.15442975169
276.715,0.0406410162212616,1365.15877038356
276.723,0.0174690211547786,1365.15884397334
276.73,0.00879750404950284,1365.1553182397
276.733,0.00582451467413463,1365.14909041939
276.739,0.00482053480927637,1365.14105774915
276.753,0.00448270619891405,1365.13211746572
276.76,0.00436915492857514,1365.12316680584
276.773,0.0043310029737124,1365.11510300625
276.79,0.00431818637502605,1365.10882330368
276.812,0.0144263650448941,1365.10522493489
276.835,0.0388962219343026,1365.10520513661
276.855,0.0195108105622604,1365.10933284138
276.876,0.00963110817646566,1365.11686376492
276.901,0.0061149772987728,1365.12672531874
276.926,0.0049190661882323,1365.13784491437
276.953,0.00451591180343675,1365.14914996331
276.986,0.00438032262666056,1365.1595678771
277.014,0.00433475647493357,1365.16802606724
277.044,0.00431944744634197,1365.17345194525
277.08,0.00431430448177741,1365.17477292265
277.109,0.00431257686895295,1365.17091641096
277.147,0.0043119965613704,1365.16130475974
277.188,0.00431180152477293,1365.14734007077
277.229,0.00431173564730348,1365.13091938386
277.263,0.00431171359736629,1365.11393973883
277.304,0.00594753303496277,1365.09829817551
277.351,0.021306511612408,1365.08589173371
277.389,0.0125389826478394,1365.07861745325
277.442,0.00722096105975246,1365.07837237396
277.489,0.00529968782236518,1365.08705353565
277.54,0.00464460369600559,1365.10655797814
277.605,0.00442364515937982,1365.13798922576
277.664,0.0653261096585351,1365.17927674083
277.732,0.0436599285769451,1365.22755647019
277.796,0.018361847222608,1365.27996436067
277.859,0.0090935651350215,1365.3336363591
277.913,0.0269014040417587,1365.38570841231
277.958,0.0266173295352881,1365.43331646713
278.017,0.0128114864011495,1365.4735964704
278.078,0.00723216213667376,1365.50368436894
278.135,0.0176691954295891,1365.52071610959
278.194,0.0125570990938658,1365.5227036038
278.27,0.00728929295315096,1365.51116262154
278.334,0.00532632022099728,1365.48848489737
278.412,0.00465382862517543,1365.45706216588
278.491,0.00442677104537785,1365.41928616164
278.586,0.00435037292576527,1365.37754861924
278.683,0.00432469473516284,1365.33424127325
278.774,0.00431606725392537,1365.29175585826
278.866,0.00431316891728364,1365.25248410884
278.959,0.00431219532014914,1365.21881775956
279.054,0.0043118682145351,1365.19260040096
279.145,0.00431175797473212,1365.1734830473
279.243,0.105789097608815,1365.16056856881
279.34,0.188712716360881,1365.15295983568
279.434,0.0812902585780439,1365.14975971815
279.532,0.0482004692218936,1365.15007108643
279.629,0.024346416461256,1365.15299681073
279.729,0.0113373574294075,1365.15763976127
279.831,0.00669253185302996,1365.16310280826
279.933,0.00511336326212698,1365.16848882192
280.037,0.00458120276053873,1365.17303424389
280.141,0.00440225717405651,1365.17650980152
280.241,0.00434212420607063,1365.1788197936
280.332,0.00432192208736556,1365.1798685189
280.415,0.00431513573101892,1365.1795602762
280.4919999,0.0165659952564896,1365.17779936428
280.5549999,0.0261705642052323,1365.17449008192
280.6229999,0.0161190889890471,1365.1695367279
280.6819999,0.00852770622287643,1365.162843601
280.7529999,0.00574551840767722,1365.154315
280.8339999,0.00479495690062708,1365.14393226518
280.9189999,0.00447421417233413,1365.13198490285
280.9939999,0.00436631456873539,1365.11883946081
281.0729999,0.00433005029142972,1365.10486248688
281.1569999,0.00431786591512057,1365.09042052886
281.2339999,0.00431377284114927,1365.07588013455
281.3219999,0.00431239813867314,1365.06160785177
281.4089999,0.00431193630019284,1365.04797022833
281.4959999,0.201681262603463,1365.03533381203
281.5659999,0.14220997953708,1365.02406515068
281.6479999,0.0539214792029512,1365.01450693403
281.7179999,0.0211494559909166,1365.00690641957
281.7899999,0.00997711998292322,1365.00148700671
281.8579999,0.00621541326851098,1364.9984720949
281.9309999,0.198105697562508,1364.99808508354
281.9919999,0.256698500357614,1365.00054937208
282.0589999,0.10008628568079,1365.00608835994
282.1269999,0.0369670753153077,1365.01492544653
282.1999999,0.0153025670070023,1365.0272840313
282.2719999,0.00800458248659113,1365.04338751366
282.3459999,0.0105848353693752,1365.06332235023
282.4149999,0.0101465322090203,1365.08662722638
282.4769999,0.0226219075233282,1365.11270388466
282.5399999,0.0130295251441966,1365.14095406764
282.6179999,0.00735801816953829,1365.17077951786
282.6759999,0.00534037492448023,1365.20158197788
282.6929999,0.00465749215600566,1365.23276319026
282.6929999,0.00442786877623676,1365.26372489756
282.7079999,0.00435072497831349,1365.29386884233
282.7609999,0.00432481060458441,1365.32259676712
282.8249999,0.136772445133622,1365.34938931125
282.8909999,0.0812748214071708,1365.37404270101
282.9219999,0.031290868034486,1365.39643205945
282.9659999,0.0135386230153885,1365.41643250961
283.0279999,0.106105007440462,1365.43391917454
283.0859999,0.0702429497497069,1365.44876717728
283.1489999,0.027894308057264,1365.46085164089
283.1979999,0.0123298020922158,1365.4700476884
283.2529999,0.00701116475993938,1365.47623044286
283.3109999,0.00521898436617706,1365.47927502732
283.3819999,0.00461652102740649,1365.4791639935
283.4669999,0.00441410075275952,1365.47630960777
283.5279999,0.00434610025082239,1365.4712315652
283.5659999,0.00432325752175915,1365.46444956084
283.6089999,0.00431558404218439,1365.45648328975
283.7249999,0.0262272768140234,1365.44785244699
283.8469999,0.018330204761305,1365.4390767276
283.9359999,0.00938877516090306,1365.43067582665
284.0679999,0.00604266098737514,1365.42316943919
284.2069999,0.00489545925958713,1365.41707726027
284.3169999,0.00450804849877987,1365.41278670699
284.4509998,0.00437768887222958,1365.41015608456
284.5979998,0.0156560427141077,1365.40891142023
284.7309998,0.0335475844326493,1365.40877874123
284.8459998,0.0216594236642503,1365.40948407483
284.9409998,0.0105741780117413,1365.41075344826
285.0489998,0.00644543746262978,1365.41231288877
285.2039998,0.00503116603934866,1365.4138884236
285.3689998,0.00455367878185649,1365.41520608002
285.5449998,0.0043930220951084,1365.41599188525
285.7389997,0.00433896140684605,1365.41601168802
285.9329997,0.0671158519099842,1365.41519062293
286.0999997,0.0382093853334586,1365.41349364607
286.2709997,0.0163948199091753,1365.41088571352
286.4419997,0.0084193879486664,1365.40733178135
286.6139996,0.00569491711558357,1365.40279680564
286.7809996,0.00477664884377449,1365.39724574248
286.9549996,0.00446791769108214,1365.39064354794
287.1049996,0.00436418139808891,1365.3829551781
287.2249996,0.00432933148017273,1365.37414558904
287.3549996,0.00431762467054642,1365.36426496466
287.4939995,0.00431369197920804,1365.3537044001
287.6639995,0.0216317138819455,1365.34294021832
287.8599995,0.0153907227966527,1365.33244874228
288.0609995,0.0196347781146063,1365.32270629494
288.2909994,0.0129148347785591,1365.31418919927
288.5199994,0.00739340339455785,1365.30737377821
288.7519994,0.0053602500315242,1365.30273635473
288.9929994,0.00466513742294275,1365.30075325179
289.2209994,0.00443056040574161,1365.30190079235
289.4699993,0.00435164519333775,1365.30647372404
289.7369993,0.00432512223265894,1365.31404049319
290.0189993,0.0329715246911475,1365.32398797081
290.2629992,0.105823576952162,1365.33570302788
290.5119992,0.0476992388310797,1365.34857253542
290.7969992,0.0232026351116184,1365.36198336442
291.0999992,0.0177163212995474,1365.37532238588
291.4139991,0.00923027295586031,1365.38797647081
291.7629991,0.00597471470300238,1365.39933249021
292.1129991,0.00852984870285151,1365.40877731507
292.457999,0.00724335017397676,1365.41584050685
292.815999,0.00535104007952374,1365.42062238884
293.1669989,0.00466148541802962,1365.42336597475
293.4769989,0.00442899055735698,1365.42431427834
293.7909989,0.00435106062043683,1365.42371031332
294.0789989,0.00432491760929842,1365.42179709344
294.3649988,0.00431614110656021,1365.41881763242
294.6459988,0.00431319346145146,1365.415014944
294.9539987,0.00431220343975525,1365.41063204191
295.2999986,0.00431187080616173,1365.40591193989
295.6749984,0.00478819604452481,1365.40113720254
296.006998,0.0165452012511826,1365.39674859799
296.3249974,0.0519424655885059,1365.39322644523
296.6539968,0.0292876829241181,1365.39105106326
296.9539963,0.0110214944909311,1365.39070277108
297.2889957,0.00582752077001437,1365.39266188768
297.6619951,0.00770484955848994,1365.39740873207
298.0979945,0.0058503716288671,1365.40542362324
298.517994,0.00483742555572383,1365.41718688019
298.9359935,0.00478819604452481,1365.43317882192
299.3769929,0.00478819604452481,1365.45359849112
299.8289923,0.0338061084335486,1365.47751982529
300.3529917,0.0292940507018473,1365.50373548563
300.9099911,0.0142923763237822,1365.53103813335
301.4189908,0.00614077950705959,1365.55822042962
301.9369903,0.00480943487267033,1365.58407503566
302.4849897,0.00478830086957945,1365.60739461267
303.0109891,0.00478819604452481,1365.62697182183
303.4489886,0.00478819604452481,1365.64159932435
303.8139883,0.00478819604452481,1365.65006978142
304.2459877,0.00495267442166532,1365.65161673393
304.5999873,0.00773281639241798,1365.6472372415
304.9449868,0.00647239903721772,1365.63836924342
305.2709861,0.00487186119790079,1365.62645067899
305.6299855,0.00478819604452481,1365.61291948752
305.812985,0.00478819604452481,1365.5992136083
305.9539845,0.00483678066356552,1365.58677098064
306.1769839,0.00587177161453312,1365.57702954384
306.3289833,0.00897853568750707,1365.57142723719
306.4949827,0.00501430532760655,1365.571402
306.6199824,0.00501000417224059,1365.57797943418
306.8219821,0.00867516820963589,1365.59053579208
307.0929818,0.0056822139542496,1365.60803498866
307.4019813,0.00482540560634403,1365.6294409389
307.7849806,0.00478819604452481,1365.65371755775
308.22698,0.00478819604452481,1365.67982876017
309.0119793,0.00478819604452481,1365.70673846114
309.7639786,0.00478819604452481,1365.73341057561
310.2939782,0.00478819604452481,1365.75880901855
310.8509776,0.00478819604452481,1365.78189770492
311.3569769,0.00478819604452481,1365.80191302041
311.8109763,0.00478819604452481,1365.8191812336
312.1719757,0.00478819604452481,1365.83430108379
312.3899752,0.00478819604452481,1365.84787131029
312.4129748,0.00478819604452481,1365.86049065239
312.3849746,0.00478819604452481,1365.8727578494
312.389974,0.00478819604452481,1365.88527164063
312.4859732,0.00478819604452481,1365.89863076537
312.5209725,0.00478819604452481,1365.91343396293
312.6319721,0.00478819604452481,1365.9302799726
312.8209713,0.00478819604452481,1365.94948829099
313.0139706,0.00478819604452481,1365.97026144384
313.34197,0.00478819604452481,1365.9915227142
313.7299694,0.00478819604452481,1366.01219538509
314.0949688,0.00478819604452481,1366.03120273958
314.414968,0.00478819604452481,1366.04746806068
314.6979672,0.00478819604452481,1366.05991463145
314.9919665,0.00478819604452481,1366.06746573492
315.3449659,0.00478819604452481,1366.06904465413
315.8069651,0.00478819604452481,1366.06357467213
316.6249644,0.00501952122662076,1366.05045531267
317.2989638,0.00880217711507894,1366.0309910624
318.0439631,0.0586983246603462,1366.00696264867
318.6499622,0.0468932671229216,1365.98015079884
319.3329614,0.0309054316690761,1365.95233624028
319.8159605,0.00764395004798586,1365.92529970034
320.8799597,0.0108685327884236,1365.90082190637
321.4799589,0.00874492547364338,1365.88068358575
322.388958,0.00675672087015197,1365.86666546583
323.250957,0.00682893236511228,1365.86054827397
324.7829559,0.0107718171841254,1365.86354178604
325.399955,0.0279798258463392,1365.87457197196
327.3489541,0.00617632660693353,1365.89199385015
329.9089531,0.012097636969628,1365.91416243904
330.7559525,0.024589670429325,1365.93943275705
330.826952,0.0115888409577392,1365.96615982262
331.544951,0.0072579016459965,1365.99269865417
333.3529501,0.00595866708859368,1366.01740427013
335.0099494,0.0069056222205023,1366.03863168891
336.6049484,0.00929011466008466,1366.05473592896
338.7049479,0.0110517560901808,1366.0644652055
340.0589478,0.0298727670169429,1366.06814052097
340.6439474,0.0556103659517892,1366.06647607463
342.2659473,0.0281234752537225,1366.06018606571
344.0079495,0.0152878664198705,1366.04998469348
345.4589538,0.0154620307125733,1366.03658615717
346.9029481,0.011296170179465,1366.02070465604
348.7749474,0.00840346067100303,1366.00305438933
351.2759329,0.00639321987977585,1365.98434955629
352.8939214,0.006697521954143,1365.96530435616
354.0729301,0.0475443196225483,1365.94655434885
355.3529349,0.107528221062444,1365.92842053678
356.2289489,0.0584705783500617,1365.91114528305
356.9249589,0.0181898043308911,1365.89497095074
358.2539622,0.00936350144219393,1365.88013990293
360.2389564,0.00607425197238407,1365.86689450271
362.0049615,0.00485991480036995,1365.85547711315
363.2519618,0.00480351007636827,1365.84613009735
365.932958,0.0046229316896908,1365.83909581839
367.8449748,0.00461260113295126,1365.83461663934
